Level	Rule Name	Subject	Property	Value
WARN	annotation_whitespace	attention behavior	IAO:0000115	The sustained focus of cognitive resources on information while filtering or ignoring extraneous information.  Intended to encompass only attention to perceptual stimuli. 
WARN	annotation_whitespace	regulation of drinking preference behavior	IAO:0000115	A regulation of drinking behavior process associated with the preference over the type of liquids that are consumed. 
WARN	annotation_whitespace	regulation of alcohol preference behavior	IAO:0000115	A regulation of drinking behavior process associated with the preference over alchohol consumption. 
WARN	annotation_whitespace	regulation of eating preference behavior	IAO:0000115	A regulation of drinking behavior process associated with the preference over the type of food that is consumed. 
WARN	annotation_whitespace	regulation of saccharin preference behavior	IAO:0000115	A regulation of drinking behavior process associated with the preference over saccharing consumption. 
WARN	annotation_whitespace	regulation of addictive substance consumption preference	IAO:0000115	A regulation of consumption of an addictive sustance behavior process associated with the preference over the type of addictive sustance that is consumed. 
WARN	annotation_whitespace	regulation of cocaine consumption preference	IAO:0000115	A regulation of consumption of an addictive sustance behavior process associated with the preference over cocaine consumption. 
WARN	duplicate_exact_synonym	seizures	oboInOwl:hasExactSynonym	unprovoked seizure
WARN	duplicate_exact_synonym	epilepsy	oboInOwl:hasExactSynonym	unprovoked seizure
WARN	duplicate_exact_synonym	REM sleep behavior disorder	oboInOwl:hasExactSynonym	RBD
WARN	duplicate_exact_synonym	recurrent brief depression	oboInOwl:hasExactSynonym	RBD
WARN	duplicate_exact_synonym	pathological anxiety	oboInOwl:hasExactSynonym	hysteria
WARN	duplicate_exact_synonym	conversion disorder	oboInOwl:hasExactSynonym	hysteria
WARN	duplicate_exact_synonym	grooming behavior	oboInOwl:hasExactSynonym	groom@en
WARN	duplicate_exact_synonym	flight behavior	oboInOwl:hasExactSynonym	fly@en
WARN	duplicate_exact_synonym	discriminatory behavior	oboInOwl:hasExactSynonym	<new synonym>
WARN	duplicate_exact_synonym	bruxism	oboInOwl:hasExactSynonym	<new synonym>
WARN	duplicate_label_synonym	aggressive behavior towards humans	oboInOwl:hasExactSynonym	aggressive behavior towards humans
WARN	duplicate_label_synonym	aggressive behavior towards animals	oboInOwl:hasExactSynonym	aggressive behavior towards animals
WARN	duplicate_label_synonym	aggressive behavior towards objects	oboInOwl:hasExactSynonym	aggressive behavior towards objects
WARN	duplicate_label_synonym	aggressive behavior towards mice	oboInOwl:hasExactSynonym	aggressive behavior towards mice
WARN	duplicate_label_synonym	aggressive behavior towards women	oboInOwl:hasExactSynonym	aggressive behavior towards women
WARN	duplicate_label_synonym	aggressive behavior towards men	oboInOwl:hasExactSynonym	aggressive behavior towards men
WARN	duplicate_label_synonym	aggressive behavior towards male mice	oboInOwl:hasExactSynonym	aggressive behavior towards male mice
WARN	duplicate_label_synonym	aggressive behavior towards female mice	oboInOwl:hasExactSynonym	aggressive behavior towards female mice
WARN	duplicate_label_synonym	aggressive behavior towards inanimate objects	oboInOwl:hasExactSynonym	aggressive behavior towards inanimate objects
WARN	duplicate_label_synonym	aggressive behavior towards animate objects	oboInOwl:hasExactSynonym	aggressive behavior towards animate objects
WARN	duplicate_label_synonym	aggressive behavior towards children	oboInOwl:hasExactSynonym	aggressive behavior towards children
WARN	duplicate_label_synonym	aggressive behavior towards pups	oboInOwl:hasExactSynonym	aggressive behavior towards pups
WARN	duplicate_label_synonym	aggressive behavior towards males	oboInOwl:hasExactSynonym	aggressive behavior towards males
WARN	duplicate_label_synonym	submissive behavior towards males	oboInOwl:hasExactSynonym	submissive behavior towards males
WARN	duplicate_label_synonym	submissive behavior towards females	oboInOwl:hasExactSynonym	submissive behavior towards females
WARN	duplicate_label_synonym	submissive behavior towards male mice	oboInOwl:hasExactSynonym	submissive behavior towards male mice
WARN	duplicate_label_synonym	saltation	oboInOwl:hasExactSynonym	saltation
WARN	duplicate_label_synonym	blinking	oboInOwl:hasExactSynonym	blinking
WARN	equivalent_class_axiom_no_genus	regulation of eating behavior	RO:0002211	food consumption
WARN	equivalent_class_axiom_no_genus	regulation of drinking behavior	RO:0002211	liquid consumption
WARN	equivalent_class_axiom_no_genus	regulation of behavior	RO:0002211	behavior process
WARN	equivalent_class_axiom_no_genus	regulation of alcohol consumption	RO:0002211	alcohol consumption
WARN	equivalent_class_axiom_no_genus	regulation of cocaine consumption	RO:0002211	cocaine consumption
WARN	equivalent_class_axiom_no_genus	regulation of consumption behavior	RO:0002211	consumption behavior
WARN	equivalent_class_axiom_no_genus	regulation of consumption of an addictive substance	RO:0002211	consumption of an addictive substance
WARN	equivalent_class_axiom_no_genus	regulation of nicotine consumption	RO:0002211	nicotine consumption
WARN	equivalent_class_axiom_no_genus	regulation of morphine consumption	RO:0002211	morphine consumption
WARN	equivalent_class_axiom_no_genus	regulation of water consumption	RO:0002211	water consumption
WARN	equivalent_class_axiom_no_genus	regulation of saccharin consumption	RO:0002211	saccharin consumption
WARN	equivalent_class_axiom_no_genus	regulation of sexual activity	RO:0002211	sexual activity
WARN	equivalent_class_axiom_no_genus	regulation of behavioral response to chemical stimulus	RO:0002211	behavioral response to chemical stimulus
WARN	equivalent_class_axiom_no_genus	regulation of behavioral response to addictive substance	RO:0002211	behavioral response to addictive substance
WARN	equivalent_class_axiom_no_genus	regulation of withdrawal response	RO:0002211	withdrawal response
WARN	equivalent_class_axiom_no_genus	regulation of addiction response	RO:0002211	addiction response
WARN	missing_definition	whole body movement	IAO:0000115	
WARN	missing_definition	rhythmic behavior	IAO:0000115	
WARN	missing_definition	seizures/epilepsy	IAO:0000115	
WARN	missing_definition	emission behavior	IAO:0000115	
WARN	missing_definition	behavioral control of production of sound	IAO:0000115	
WARN	missing_definition	weaning behavior	IAO:0000115	
WARN	missing_definition	nuzzling	IAO:0000115	
WARN	missing_definition	swaying	IAO:0000115	
WARN	missing_definition	tilting	IAO:0000115	
WARN	missing_definition	yawning	IAO:0000115	
WARN	missing_definition	writhing	IAO:0000115	
WARN	missing_definition	exploration behavior	IAO:0000115	
WARN	missing_definition	agonistic behavior	IAO:0000115	
WARN	missing_definition	subordination behavior	IAO:0000115	
WARN	missing_definition	liquid preference/aversion	IAO:0000115	
WARN	missing_definition	food preference/aversion	IAO:0000115	
WARN	missing_definition	food preference	IAO:0000115	
WARN	missing_definition	food aversion	IAO:0000115	
WARN	missing_definition	saccharin preference	IAO:0000115	
WARN	missing_definition	mating frequency	IAO:0000115	
WARN	missing_definition	mating preference	IAO:0000115	
WARN	missing_definition	mating receptivity	IAO:0000115	
WARN	missing_definition	sexual display behavior	IAO:0000115	
WARN	missing_definition	social investigation	IAO:0000115	
WARN	missing_definition	reclusive behavior	IAO:0000115	
WARN	missing_definition	maternal crouching	IAO:0000115	
WARN	missing_definition	nesting behavior	IAO:0000115	
WARN	missing_definition	nest building behavior	IAO:0000115	
WARN	missing_definition	sleep pattern	IAO:0000115	
WARN	missing_definition	rapid eye movement sleep	IAO:0000115	
WARN	missing_definition	sleep duration	IAO:0000115	
WARN	missing_definition	REM frequency	IAO:0000115	
WARN	missing_definition	NREM frequency	IAO:0000115	
WARN	missing_definition	circadian period	IAO:0000115	
WARN	missing_definition	circadian persistence	IAO:0000115	
WARN	missing_definition	circadian phase	IAO:0000115	
WARN	missing_definition	olfactory learning behavior	IAO:0000115	
WARN	missing_definition	visual learning behavior	IAO:0000115	
WARN	missing_definition	motor learning	IAO:0000115	
WARN	missing_definition	spatial learning	IAO:0000115	
WARN	missing_definition	iconic memory	IAO:0000115	
WARN	missing_definition	direct priming	IAO:0000115	
WARN	missing_definition	response priming	IAO:0000115	
WARN	missing_definition	avoidance learning behavior	IAO:0000115	
WARN	missing_definition	conditioned taste aversion	IAO:0000115	
WARN	missing_definition	imprinting behavior	IAO:0000115	
WARN	missing_definition	latent learning behavior	IAO:0000115	
WARN	missing_definition	observational learning	IAO:0000115	
WARN	missing_definition	language learning behavior	IAO:0000115	
WARN	missing_definition	conditioned emotional response	IAO:0000115	
WARN	missing_definition	conditioned place preference behavior	IAO:0000115	
WARN	missing_definition	contextual conditioning behavior	IAO:0000115	
WARN	missing_definition	cued conditioning behavior	IAO:0000115	
WARN	missing_definition	spinal conditioning	IAO:0000115	
WARN	missing_definition	eye blink conditioning behavior	IAO:0000115	
WARN	missing_definition	jaw movement conditioning behavior	IAO:0000115	
WARN	missing_definition	pleasure behavior	IAO:0000115	
WARN	missing_definition	excitement behavior	IAO:0000115	
WARN	missing_definition	distress behavior	IAO:0000115	
WARN	missing_definition	anorexia nervosa	IAO:0000115	
WARN	missing_definition	bulimia nervosa	IAO:0000115	
WARN	missing_definition	obesity	IAO:0000115	
WARN	missing_definition	pathological anxiety	IAO:0000115	
WARN	missing_definition	dissociative disorders	IAO:0000115	
WARN	missing_definition	dissociative amnesia	IAO:0000115	
WARN	missing_definition	dissociative fugue	IAO:0000115	
WARN	missing_definition	dissociative identity disorder	IAO:0000115	
WARN	missing_definition	mood disorder	IAO:0000115	
WARN	missing_definition	major depressive disorder	IAO:0000115	
WARN	missing_definition	psychotic disorder	IAO:0000115	
WARN	missing_definition	paranoid schizophrenia	IAO:0000115	
WARN	missing_definition	catatonic schizophrenia	IAO:0000115	
WARN	missing_definition	disorganized (hebephrenic) schizophrenia	IAO:0000115	
WARN	missing_definition	undifferentiated schizophrenia	IAO:0000115	
WARN	missing_definition	residual schizophrenia	IAO:0000115	
WARN	missing_definition	personality disorder	IAO:0000115	
WARN	missing_definition	delirium	IAO:0000115	
WARN	missing_definition	dementia	IAO:0000115	
WARN	missing_definition	amnestic disorder	IAO:0000115	
WARN	missing_definition	social facilitation	IAO:0000115	
WARN	missing_definition	social interference	IAO:0000115	
WARN	missing_definition	group polarization	IAO:0000115	
WARN	missing_definition	groupthink	IAO:0000115	
WARN	missing_definition	discriminatory behavior	IAO:0000115	
WARN	missing_definition	gender specific discriminatory behavior	IAO:0000115	
WARN	missing_definition	attraction-related behavior	IAO:0000115	
WARN	missing_definition	friendship	IAO:0000115	
WARN	missing_definition	love	IAO:0000115	
WARN	missing_definition	social influence related behavior	IAO:0000115	
WARN	missing_definition	conformity	IAO:0000115	
WARN	missing_definition	obedience to authority	IAO:0000115	
WARN	missing_definition	bystander intervention	IAO:0000115	
WARN	missing_definition	satiation	IAO:0000115	
WARN	missing_definition	alloparental behavior	IAO:0000115	
WARN	missing_definition	memory encoding behavior	IAO:0000115	
WARN	missing_definition	balance	IAO:0000115	
WARN	missing_definition	body rotation sensation behavior	IAO:0000115	
WARN	missing_definition	gravitation sensation behavior	IAO:0000115	
WARN	missing_definition	movement sensation behavior	IAO:0000115	
WARN	missing_definition	taste behavior	IAO:0000115	
WARN	missing_definition	cutaneous sensation behavior	IAO:0000115	
WARN	missing_definition	nociceptive behavior	IAO:0000115	
WARN	missing_definition	touch related behavior	IAO:0000115	
WARN	missing_definition	chemical nociceptive behavior	IAO:0000115	
WARN	missing_definition	mechanical nociceptive behavior	IAO:0000115	
WARN	missing_definition	thermal nociceptive behavior	IAO:0000115	
WARN	missing_definition	chemically-elicited antinociceptive behavior	IAO:0000115	
WARN	missing_definition	pressure related behavior	IAO:0000115	
WARN	missing_definition	manual dexterity	IAO:0000115	
WARN	missing_definition	bilateral coordination	IAO:0000115	
WARN	missing_definition	jaw jerk reflex	IAO:0000115	
WARN	missing_definition	eye movement	IAO:0000115	
WARN	missing_definition	tail movement	IAO:0000115	
WARN	missing_definition	vertical activity	IAO:0000115	
WARN	missing_definition	predator avoidance behavior	IAO:0000115	
WARN	missing_definition	rhythmic behavior phenotype	IAO:0000115	
WARN	missing_definition	circadian behavior phenotype	IAO:0000115	
WARN	missing_definition	intrinsic sleep disorder	IAO:0000115	
WARN	missing_definition	extrinsic sleep disorder	IAO:0000115	
WARN	missing_definition	intrinsic circadian rhythm sleep disorder	IAO:0000115	
WARN	missing_definition	shift work sleep disorder	IAO:0000115	
WARN	missing_definition	depressive disorder	IAO:0000115	
WARN	missing_definition	substance induced mood disorder	IAO:0000115	
WARN	missing_definition	alcohol induced mood disorder	IAO:0000115	
WARN	missing_definition	benzodiazepine induced mood disorder	IAO:0000115	
WARN	missing_definition	Interferon-alpha induced mood disorder	IAO:0000115	
WARN	missing_definition	short term object recognition memory	IAO:0000115	
WARN	missing_definition	visual short term memory	IAO:0000115	
WARN	missing_definition	spatial working memory	IAO:0000115	
WARN	missing_definition	long term spatial memory	IAO:0000115	
WARN	missing_definition	social withdrawal	IAO:0000115	
WARN	missing_definition	social withdrawal in childhood	IAO:0000115	
WARN	missing_definition	behavioral despair	IAO:0000115	
WARN	missing_definition	laughing behavior	IAO:0000115	
WARN	missing_definition	irritable aggressive behavior	IAO:0000115	
WARN	missing_definition	discrimination learning	IAO:0000115	
WARN	missing_definition	being conscious	IAO:0000115	
WARN	missing_definition	cutaneous sensation behavior phenotype	IAO:0000115	
WARN	missing_definition	partial seizure evolving to secondarily generalized seizure	IAO:0000115	
WARN	missing_definition	simple partial seizure evolving to generalized seizure	IAO:0000115	
WARN	missing_definition	complex partial seizure evolving to generalized seizure	IAO:0000115	
WARN	missing_definition	simple partial seizure evolving to complex partial seizure evolving to generalized seizure	IAO:0000115	
WARN	missing_definition	simple partial onset, followed by impairment of consciousness	IAO:0000115	
WARN	missing_definition	with impairment of consciousness at onset	IAO:0000115	
WARN	missing_definition	childhood absence epilepsy	IAO:0000115	
WARN	missing_definition	continuous seizure	IAO:0000115	
WARN	missing_definition	non-convulsive status epilepticus	IAO:0000115	
WARN	missing_definition	generalised convulsive status epilepticus	IAO:0000115	
WARN	missing_definition	absence status epilepticus	IAO:0000115	
WARN	missing_definition	aggressive behavior by intent	IAO:0000115	
WARN	missing_definition	aggressive behavior by means	IAO:0000115	
WARN	missing_definition	perception behavior phenotype	IAO:0000115	
WARN	missing_definition	spatial perception	IAO:0000115	
WARN	missing_definition	jaw movement	IAO:0000115	
WARN	missing_definition	blinking	IAO:0000115	
WARN	missing_definition	eyelid movement	IAO:0000115	
WARN	missing_definition	perception behavior by means	IAO:0000115	
WARN	missing_definition	electrical nociceptive behavior	IAO:0000115	
WARN	missing_definition	emission behavior phenotype	IAO:0000115	
WARN	missing_definition	behavioral control of production of sound phenotype	IAO:0000115	
WARN	missing_definition	behavioral control of external secretion phenotype	IAO:0000115	
WARN	missing_definition	emotional conditioning	IAO:0000115	
WARN	missing_definition	increased amount of liquid in a single drinking act	IAO:0000115	
WARN	missing_definition	increased amount of liquid in drinking regulation	IAO:0000115	
WARN	missing_definition	frequency of drinking	IAO:0000115	
WARN	missing_definition	increased frequency of drinking	IAO:0000115	
WARN	missing_definition	decreased frequency of drinking	IAO:0000115	
WARN	missing_definition	rotation behavior	IAO:0000115	
WARN	missing_definition	cannabis consumption	IAO:0000115	
WARN	missing_definition	by_means	IAO:0000115	
WARN	missing_definition	has-input	IAO:0000115	
WARN	missing_definition	has_participant	IAO:0000115	
WARN	missing_definition	in_response_to	IAO:0000115	
WARN	missing_definition	is_about	IAO:0000115	
WARN	missing_definition	qualifier	IAO:0000115	
INFO	lowercase_definition	social behavior	IAO:0000115	"\""A behavior that occurs predominantly or only, in individuals that are part of a group.\"" [Wikipedia:Social_behavior]"
INFO	lowercase_definition	jumping behavior	IAO:0000115	"\""Behavior relate to the usually upward movement off the ground or other surface through sudden muscular effort in the legs.\"" [GO:0007630]"
INFO	lowercase_definition	paralysis	IAO:0000115	"\""Loss of power of voluntary movement in a muscle through injury or disease of its nerve supply.\"" [JAX:<new dbxref>]"
INFO	lowercase_definition	carpoptosis	IAO:0000115	"\""Paralysis of the extensors of the wrist and fingers.\"" [JAX:<new dbxref>]"
INFO	lowercase_definition	social play	IAO:0000115	"\""Play behavior that is associated with the socialization of an individual into the group.\"" [web:http\://www.bio.davidson.edu/people/vecase/behavior/Spring2009/Sacco/Pages/Play%20Fighting.html]"
INFO	lowercase_definition	wakefulness	IAO:0000115	"\""Behavior related to the state of being conscious and engages in a coherent cognitive and behavior responses to the external world.\"" [NBO:SD, wikipedia:Wakefulness]"
INFO	lowercase_definition	associative learning behavior	IAO:0000115	"\""Learning by associating a stimulus (the cause) with a particular outcome (the effect).\"" [Wikipedia:Learning#Associative_learning]"
INFO	lowercase_definition	vocal learning	IAO:0000115	"\""A behavioral process whose outcome is a relatively long-lasting adaptive behavioral change whereby an organism modifies innate vocalizations to imitate or create new sounds.\"" [GO:0042297]"
INFO	lowercase_definition	emotional memory	IAO:0000115	"\""A type of memory associated with emotional experiences.\"" [wikipedia:http\://www.scholarpedia.org/article/Emotional_memory]"
INFO	lowercase_definition	visual memory	IAO:0000115	"\""Ability to store and retrieve previously experienced visual sensations and perceptions when the stimuli that originally evoked them are no longer present.\"" [wikipedia:Visual_memory]"
INFO	lowercase_definition	eidetic memory	IAO:0000115	"\""The ability to recall images, sounds, or objects in memory with extreme precision and in abundant volume.\"" [wikipedia:Eidetic_memory]"
INFO	lowercase_definition	operant conditioning behavior	IAO:0000115	"\""Operant conditioning is the use of a behavior's antecedent and/or its consequence to influence the occurrence and form of behavior.\"" [wikipedia:Operant_conditioning]"
INFO	lowercase_definition	social learning	IAO:0000115	"\""The sociological process of training individuals in a society to act or respond in a manner generally approved by the society in general and peer groups within society.\"" [wikipedia:Social_conditioning]"
INFO	lowercase_definition	perceptual constancy behavior	IAO:0000115	"\""Perception of objects remains the same despite changes in their image on the retina.\"" [:http\://science.jrank.org/pages/5094/Perception.html]"
INFO	lowercase_definition	generalized anxiety	IAO:0000115	"\""A pathological anxiety characterized by long-lasting anxiety that is not focused on any one object or situation.\"" [wikipedia:Generalized_anxiety_disorder]"
INFO	lowercase_definition	panic	IAO:0000115	"\""A pathological anxiety characterized by brief attacks of intense terror and apprehension, often marked by trembling, shaking, confusion, dizziness, nausea, difficulty breathing.\"" [wikipedia:Panic_disorder]"
INFO	lowercase_definition	obsessive-compulsive disorder	IAO:0000115	"\""A pathological anxiety primarily characterized by repetitive obsessions (distressing, persistent, and intrusive thoughts or images) and compulsions (urges to perform specific acts or rituals).\"" [wikipedia:Obsessive%E2%80%93compulsive_disorder]"
INFO	lowercase_definition	somatoform behavior phenotype	IAO:0000115	"\""A pathological behavior characterized by one or more symptoms of a physical dysfunction but for which there is no identifiable organic cause.\"" [wikipedia:Somatoform_disorder]"
INFO	lowercase_definition	conversion disorder	IAO:0000115	"\""A somatoform disorder characterised by a physical dysfunction (blindness, deafness, paralysis, numbness, etc. ) that has no underlying organic basis.\"" [wikipedia:Conversion_disorder]"
INFO	lowercase_definition	bipolar disorder	IAO:0000115	"\""A mood disorder formerly characterised by alternating periods of mania and depression (and in some cases rapid cycling, mixed states, and psychotic symptoms).\"" [wikipedia:Bipolar_disorder]"
INFO	lowercase_definition	prosocial behavior	IAO:0000115	"\""Prosocial behavior is caring about the welfare and rights of others, feeling concern and empathy for them, and acting in ways that benefit others.\"" [wikipedia:Prosocial_behavior]"
INFO	lowercase_definition	helping behavior	IAO:0000115	"\""Helping behavior refers to voluntary actions intended to help the others, with reward regarded or disregarded.\"" [wikipedia:Helping_behavior]"
INFO	lowercase_definition	reciprocal altruism	IAO:0000115	"\""Reciprocal altruism is the idea that the incentive for an individual to help in the present is based on the expectation of the potential receipt in the future.\"" [wikipedia:Helping_behavior]"
INFO	lowercase_definition	behavior stemming from emotional intelligence	IAO:0000115	"\""Behavior stemming from the ability to identify, assess, and control the emotions of oneself, of others, and of groups.\"" [wikipedia:Emotional_intelligence]"
INFO	lowercase_definition	behavior stemming from problem solving	IAO:0000115	"\""Behavior associated with problem finding and problem shaping.\"" [wikipedia:Problem_solving]"
INFO	lowercase_definition	behavior process	IAO:0000115	"\""The action, reaction, or performance of an organism in response to external or internal stimuli.\"" [GO:GO\:0007610]"
INFO	lowercase_definition	visual behavior	IAO:0000115	"\""Behavior related to the actions or reactions of an organism in response to a visual stimulus.\"" [GO:0007632]"
INFO	lowercase_definition	optokinetic behavior	IAO:0000115	"\""Behavior related to the actions or reactions of an organism pertaining to movement of the eyes and of objects in the visual field, as in nystagmus.\"" [GO:0007634]"
INFO	lowercase_definition	auditory behavior	IAO:0000115	"\""Behavior related to the actions or reactions of an organism in response to a sound.\"" [GO:0031223]"
INFO	lowercase_definition	kinesthetic behavior	IAO:0000115	"\""Movement behavior of the body or its parts.\"""
INFO	lowercase_definition	motor coordination	IAO:0000115	"\""The coordination of combinations of body movements created with the kinematic (such as spatial direction) and kinetic (force) parameters that result in intended actions.\"" [wikipedia:Motor_coordination]"
INFO	lowercase_definition	eye-hand coordination	IAO:0000115	"\""The coordinated control of eye movement with hand movement, and the processing of visual input to guide reaching and grasping along with the use of proprioception of the hands to guide the eyes.\"" [wikipedia:Eye%E2%80%93hand_coordination]"
INFO	lowercase_definition	gait	IAO:0000115	"\""The pattern of movement of the limbs of animals, characterized by elements of progression, stability, speed and length over the ground.\"" [MP:0001406]"
INFO	lowercase_definition	arboreal locomotion behavior	IAO:0000115	"\""Behavior related to the locomotion of animals in trees.\"" [wikipedia:Arboreal_locomotion]"
INFO	lowercase_definition	brachiation	IAO:0000115	arm over arm swinging movement through arboreal environment [NBO:AC]
INFO	lowercase_definition	chemotactic behavior	IAO:0000115	"\""Locomotory orientation in response to specific chemical concentration gradient.\"" [GO:0006935]"
INFO	lowercase_definition	gravitactic behavior	IAO:0000115	"\""Locomotory orientation in response to gravity.\"" [GO:0048062]"
INFO	lowercase_definition	negative gravitactic behavior	IAO:0000115	"\""Locomotory orientation away from the source of gravity.\"" [GO:0048060]"
INFO	lowercase_definition	positive gravitactic behavior	IAO:0000115	"\""Locomotory orientation towards the source of gravity.\"" [GO:0048061]"
INFO	lowercase_definition	thigmotaxis	IAO:0000115	"\""Locomotory orientation in response to touch.\"" [GO:0001966]"
INFO	lowercase_definition	energy taxis	IAO:0000115	"\""Locomotory orientation in response to physical parameters involved in energy generation.\"" [GO:0009453]"
INFO	lowercase_definition	phototactic behavior	IAO:0000115	"\""Locomotory orientation in response to light.\"" [GO:0042331]"
INFO	lowercase_definition	thermotaxis	IAO:0000115	"\""Locomotory orientation in response to a temperature gradient.\"" [GO:0043052]"
INFO	lowercase_definition	primitive reflex	IAO:0000115	"\""Reflex actions originating in the central nervous system that are exhibited by normal infants in response to particular stimuli.\"" [wikipedia:Primitive_reflexes]"
INFO	lowercase_definition	startle reflex	IAO:0000115	"\""An action or movement due to the application of a sudden unexpected stimulus.\"" [wikipedia:Startle_reflex]"
INFO	lowercase_definition	tonic labyrinthine reflex	IAO:0000115	"\""A reflex that arises when tilting the head back while lying on the back causes the back to stiffen and even arch backwards, the legs to straighten, stiffen, and push together, the toes to point, the arms to bend at the elbows and wrists, and the hands to become fisted or the fingers to curl.\"" [wikipedia:Tonic_labyrinthine_reflex]"
INFO	lowercase_definition	asymmetrical tonic neck reflex	IAO:0000115	"\""A reflex that assists in the birthing process and helps to develop muscle tone, kicking and stimulates vestibular function in utero.\"" [wikipedia:Asymmetrical_tonic_neck_reflex]"
INFO	lowercase_definition	galant reflex	IAO:0000115	"\""It is elicited by holding the newborn in ventral suspension (face down) and stroking along the one side of the spine. A reflex that caused the laterally flex toward the stimulated side when a newborn is held in ventral suspension (face down) and stroking along the one side of the spine.\"" [NBO:Galant_reflex]"
INFO	lowercase_definition	babkin reflex	IAO:0000115	"\""A reflex elicited by the application of pressure to both palms resulting varying responses such as head flexion, head rotation or opening of the mouth, or a combination of these responses.\"" [wikipedia:Primitive_reflexes]"
INFO	lowercase_definition	swimming reflex	IAO:0000115	"\""A reflex that causes the infant to begin to paddle and kick in a swimming motion upon its placement face down in a pool of water.\"" [NBO:Primitive_reflexes]"
INFO	lowercase_definition	plantar reflex	IAO:0000115	"\""A reflex elicited when the sole of the foot is stimulated with a blunt instrument.\"" [wikipedia:Plantar_reflex]"
INFO	lowercase_definition	palmar grasp reflex	IAO:0000115	"\""A reflex elicited by the placement of an object in the infant's hand and strokes their palm, causing its fingers to close and grasp it.\"" [wikipedia:Primitive_reflexes]"
INFO	lowercase_definition	rooting reflex	IAO:0000115	"\""A reflex that causes a newborn infant to turn his head toward anything that strokes his cheek or mouth, searching for the object by moving his head in steadily decreasing arcs until the object is found.\"" [wikipedia:Primitive_reflexes]"
INFO	lowercase_definition	sucking reflex	IAO:0000115	"\""A reflex that causes the infant to instinctively suck at anything that touches the roof of their mouth and suddenly starts to suck simulating the way they naturally eat.\"" [wikipedia:Primitive_reflexes]"
INFO	lowercase_definition	walking reflex	IAO:0000115	"\""A reflex that causes the infant to attempt to 'walk' by placing one foot in front of the other when the soles of their feet touch a flat surface.\"" [wikipedia:Primitive_reflexes]"
INFO	lowercase_definition	stretch reflex	IAO:0000115	"\""A muscle contraction in response to stretching within the muscle.\"" [wikipedia:Stretch_reflex]"
INFO	lowercase_definition	brachioradialis reflex	IAO:0000115	"\""A deep tendon reflex elicited by striking the lateral surface of the forearm proximal to the distal head of the radius, characterized by normal slight elbow flexion and forearm supination.\"" [Medical disctionary:http\://medical-dictionary.thefreedictionary.com/brachioradialis+reflex]"
INFO	lowercase_definition	triceps reflex	IAO:0000115	"\""A deep tendon reflex that elicits involuntary contraction of the triceps brachii muscle.\"" [wikipedia:Triceps_reflex]"
INFO	lowercase_definition	ankle jerk reflex	IAO:0000115	"\""A reflex bending of the foot resulting from contraction of the calf muscles when the Achilles tendon is sharply struck.\"" [Medical Dictionary:http\://medical-dictionary.thefreedictionary.com/Achilles+reflex]"
INFO	lowercase_definition	pupillary light reflex	IAO:0000115	"\""A reflex that controls the diameter of the pupil, in response to the intensity (luminance) of light that falls on the retina of the eye, thereby assisting in adaptation to various levels of darkness and light, in addition to retinal sensitivity.\"" [wikipedia:Pupillary_light_reflex]"
INFO	lowercase_definition	accommodation reflex	IAO:0000115	"\""A reflex action of the eye, in response to focusing on a near object, then looking at distant object (and vice versa), comprising coordinated changes in vergence, lens shape and pupil size.\"" [wikipedia:Accommodation_reflex]"
INFO	lowercase_definition	corneal reflex	IAO:0000115	"\""An involuntary blinking of the eyelids elicited by stimulation of the cornea.\"" [wikipedia:Corneal_reflex]"
INFO	lowercase_definition	vestibulo-ocular reflex	IAO:0000115	"\""A reflex eye movement that stabilizes images on the retina during head movement by producing an eye movement in the direction opposite to head movement, thus preserving the image on the center of the visual field.\"" [wikipedia:Vestibulo-ocular_reflex]"
INFO	lowercase_definition	physiologic nystagmus	IAO:0000115	"\""A form of involuntary eye movement that is part of the vestibulo-ocular reflex (VOR). It is characterized by alternating smooth pursuit in one direction and saccadic movement in the other direction.\"" [wikipedia:Physiologic_nystagmus]"
INFO	lowercase_definition	pharyngeal reflex	IAO:0000115	"\""A reflex contraction of the back of the throat, evoked by touching the soft palate.\"" [wikipedia:Gag_reflex]"
INFO	lowercase_definition	delayed sleep phase syndrome	IAO:0000115	"\""A circadian rhythm sleep disorder characterized by a much later than normal timing of sleep onset and offset and a period of peak alertness in the middle of the night.\"" [wikipedia:Delayed_sleep_phase_syndrome]"
INFO	lowercase_definition	abdominal reflex	IAO:0000115	"\""A reflex that results in the contraction of the muscles of the abdominal wall in response to stimulation of the overlying skin.\"" [web:http\://www.merriam-webster.com/medical/abdominal%20reflex]"
INFO	lowercase_definition	anocutaneous reflex	IAO:0000115	"\""Reflexive contraction of the external anal sphincter upon stroking of the skin around the anus.\"" [wikipedia:Anal_wink]"
INFO	lowercase_definition	cremasteric reflex	IAO:0000115	"\""A reflex is elicited by lightly stroking the superior and medial (inner) part of the thigh resulting in a contraction of the cremaster muscle that pulls up the scrotum and testis on the side stroked.\"" [wikipedia:Cremasteric_reflex]"
INFO	lowercase_definition	mammalian diving reflex	IAO:0000115	"\""A reflex in mammals which optimises respiration to allow staying underwater for extended periods of time.\"" [wikipedia:Mammalian_diving_reflex]"
INFO	lowercase_definition	visceromotor reflex	IAO:0000115	"\""An increase in tonus (normal tension) of the tissues of the abdominal muscles resulting from painful stimuli originating in a viscus.\"" [:http\://www.wordinfo.info/words/index/inf]"
INFO	lowercase_definition	muscular defense	IAO:0000115	"\""A reflex of the abdominal muscles to contract upon mechanical force to the abdomen, and serves as protection.\"" [wikipedia:Muscular_defense]"
INFO	lowercase_definition	scratch reflex	IAO:0000115	"\""A response to activation of sensory neurons whose peripheral terminals are located on the surface of the body.\"" [wikipedia:Scratch_reflex]"
INFO	lowercase_definition	crossed extensor reflex	IAO:0000115	"\""A reflex where the flexors in the withdrawing limb contract and the extensors relax, while in the other limb, the opposite occurs.\"" [wikipedia:Crossed_extensor_reflex]"
INFO	lowercase_definition	acoustic reflex	IAO:0000115	"\""An involuntary muscle contraction that occurs in the middle ear of mammals in response to high-intensity sound stimuli.\"" [wikipedia:Acoustic_reflex]"
INFO	lowercase_definition	arthrokinetic reflex	IAO:0000115	"\""A reflex in which joint movement can reflexively cause muscle activation or inhibition.\"" [wikpedia:Arthrokinetic_reflex]"
INFO	lowercase_definition	cough reflex	IAO:0000115	"\""A reflex by which the body rids the lower respiratory tract of any irritant that enters through the air and less frequently any fluids (drinks) and solids (food) that may spill into the respiratory tract.\"" [XX:http\://www.healthhype.com/cough-reflex-physiology-process-ear-cough-reflexes.html]"
INFO	lowercase_definition	snout reflex	IAO:0000115	"\""A pouting or pursing of the lips that is elicited by light tapping of the closed lips near the midline.\"" [wikipedia:Snout_reflex]"
INFO	lowercase_definition	glabellar reflex	IAO:0000115	"\""A reflex elicited by repetitive tapping on the forehead which result in blinking to the first several taps.\"" [wikipedia:Glabellar_reflex]"
INFO	lowercase_definition	Golgi tendon reflex	IAO:0000115	"\""A skeletal muscle contraction causes the muscle to simultaneously lengthen and relax.\"" [wikipedia:Golgi_tendon_reflex]"
INFO	lowercase_definition	vagovagal reflex	IAO:0000115	"\""A contraction of muscles in the gastrointestinal tract in response to distension of the tract following consumption of food and drink.\"" [wikipedia:Vagus_reflex]"
INFO	lowercase_definition	social grooming	IAO:0000115	"\""Behavior related to the activity in which individuals in a group clean or maintain one another's body or appearance.\"" [wikipedia:Social_grooming]"
INFO	lowercase_definition	personal grooming	IAO:0000115	"\""Behavior related to the promotion of personal hygiene.\"" [wikipedia:Social_grooming]"
INFO	lowercase_definition	size constancy behavior	IAO:0000115	"\""The perception of familiar objects as approximately the same size regardless of their distance from the observer.\"" [Jrank:http\://science.jrank.org/pages/5094/Perception.html]"
INFO	lowercase_definition	colour constancy behavior	IAO:0000115	"\""The perception of a color as constant under changing conditions of illumination.\"" [wikipedia:Color_constancy]"
INFO	lowercase_definition	perception of motion behavior	IAO:0000115	"\""Perception relating to the process of inferring the speed and direction of elements in a scene based on visual, vestibular and proprioceptive inputs.\"" [wikipedia:Motion_perception]"
INFO	lowercase_definition	form perception behavior	IAO:0000115	"\""Perception related to the identification of objects and their distinction from each other.\"" [:http\://science.jrank.org/pages/5094/Perception.html]"
INFO	lowercase_definition	depth perception behavior	IAO:0000115	"\""Behavior involving an active reception and coordination of information relating to depth received through the sensory systems in order to perceive the three-dimensionality of the world and objects within it.\"" [:erceiving the three-dimensionality of the world and objects  Read more\: Perception - Perceptual Systems\, Historical Background\, Innate And Learned - Classical perceptual phenomena\, Broad theoretical approaches\, Current research/future developments http\://science.jrank.org/pages/5094/Perception.html#ixzz1It3oOobp]"
INFO	lowercase_definition	perceptual illusion behavior	IAO:0000115	"\""Misperception of stimuli, where what is perceived does not correspond to the actual dimensions or qualities of the physical stimulus.\"" [jrank:http\://science.jrank.org/pages/5094/Perception.html]"
INFO	lowercase_definition	stress related behavior	IAO:0000115	"\""Behavior related to how the body reacts to a stressor ( a stimulus that causes stress), real or imagined.\"" [wikipedia:Stress_(biological)]"
INFO	lowercase_definition	behavioral alarm	IAO:0000115	"\""Behavior related to the identification or realization of a threat or a stressor.\"" [wikipedia:Stress_(biological)]"
INFO	lowercase_definition	periodic limb movement disorder	IAO:0000115	"\""A dyssomnia where the patient moves limbs involuntarily during sleep, and has symptoms or problems related to the movement.\"" [wikipedia:Periodic_limb_movement_disorder]"
INFO	lowercase_definition	restless legs syndrome	IAO:0000115	"\""A dyssomnia characterized by an irresistible urge to move one's body to stop uncomfortable or odd sensations.\"" [wikipedia:Restless_legs_syndrome]"
INFO	lowercase_definition	sleep apnea	IAO:0000115	"\""A sleep breathing disorder characterized by abnormal pauses in breathing or instances of abnormally low breathing, during sleep.\"" [wikipedia:Sleep_apnea]"
INFO	lowercase_definition	sleep state misperception	IAO:0000115	"\""A dyssomnia characterized by a mistakenly perception of one's sleep as wakefulness.\"" [wikipedia:Sleep_state_misperception]"
INFO	lowercase_definition	circadian rhythm sleep disorder	IAO:0000115	"\""A pathological circadian behavior primarily related to the timing of sleep.\"" [wikipedia:Circadian_rhythm_sleep_disorder]"
INFO	lowercase_definition	extrinsic circadian rhythm sleep disorder	IAO:0000115	"\""An extrinsic circadian rhythm sleep disorder characterized by insomnia and excessive sleepiness affecting people whose work hours are scheduled during the typical sleep period.\"" [wikipedia:Shift_work_sleep_disorder]"
INFO	lowercase_definition	jet lag	IAO:0000115	"\""An extrinsic circadian rhythm sleep disorder resulting from rapid long distance transmeridian (east west or west east) travel.\"" [wikipedia:Jet_lag]"
INFO	lowercase_definition	advanced sleep phase syndrome	IAO:0000115	"\""A circadian rhythm sleep disorder characterized by difficulty staying awake in the evening and staying asleep in the morning.\"" [wikipedia:Advanced_sleep_phase_syndrome]"
INFO	lowercase_definition	non-24-hour sleep-wake syndrome	IAO:0000115	"\""A circadian rhythm sleep disorder which the affected individual's sleep occurs later and later each day, with the period of peak alertness also continuously moving around the clock from day to day.\"" [wikipedia:Circadian_rhythm_sleep_disorder]"
INFO	lowercase_definition	irregular sleep-wake rhythm	IAO:0000115	"\""A circadian rhythm sleep disorder characterized by numerous naps throughout the 24-hour period, no main night time sleep episode and irregularity from day to day.\"" [wikipedia:Irregular_sleep-wake_rhythm]"
INFO	lowercase_definition	upper airway resistance syndrome	IAO:0000115	"\""A sleep breathing disorder characterized by airway resistance to breathing during sleep.\"" [wikipedia:Upper_airway_resistance_syndrome]"
INFO	lowercase_definition	REM sleep behavior disorder	IAO:0000115	"\""A REM parasomnia characterised by the lack of muscle atonia during sleep.\"" [wikipedia:REM_Sleep_Behavior_Disorder]"
INFO	lowercase_definition	recurrent isolated sleep paralysis	IAO:0000115	"\""An isolted sleep paralysis that is characterized by frequent episodes or a complex of sequential episodes whose total duration may exceed one hour, and particularly by the range and sense of perceived reality of the subjective phenomena experienced during episodes.\"" [web:http\://www.theconsciousdreamer.org/SSE.HTM]"
INFO	lowercase_definition	isolated sleep paralysis	IAO:0000115	"\""A sleep paralaysis characterised by the absence of narcolepsy.\"" [wikipedia:Sleep_paralysis]"
INFO	lowercase_definition	sleep paralysis	IAO:0000115	"\""A REM parasomnia characterised by periods of inability to perform voluntary movements either when going to sleep or when waking up.\"" [wikipedia:Sleep_paralysis]"
INFO	lowercase_definition	hypnagogic sleep paralysis	IAO:0000115	"\""A sleep paralysis which upon falling asleep the person remains aware while the body shuts down for REM sleep.\"" [wikipedia:Sleep_paralysis]"
INFO	lowercase_definition	hypnopompic sleep paralysis	IAO:0000115	"\""A sleep paralysis which upon awakening, the person becomes aware before the REM cycle is complete,.\"" [wikipedia:Sleep_paralysis]"
INFO	lowercase_definition	atypical depression	IAO:0000115	"\""A major depressive disorder characterized by mood reactivity (paradoxical anhedonia) and positivity, significant weight gain or increased appetite (\\""comfort eating\\""), excessive sleep or somnolence (hypersomnia), a sensation of heaviness in limbs known as leaden paralysis, and significant social impairment as a consequence of hypersensitivity to perceived interpersonal rejection.\"" [wikipedia:Atypical_depression]"
INFO	lowercase_definition	melancholic depression	IAO:0000115	"\""A major depressive disorder characterized by a loss of pleasure (anhedonia) in most or all activities, a failure of reactivity to pleasurable stimuli, a quality of depressed mood more pronounced than that of grief or loss, a worsening of symptoms in the morning hours, early morning waking, psychomotor retardation, excessive weight loss (not to be confused with anorexia nervosa), or excessive guilt.\"" [wikipedia:Melancholic_depression]"
INFO	lowercase_definition	psychotic major depression	IAO:0000115	"\""A major depressive disorder characterized by a major depressive episode, particularly of melancholic nature, where the patient experiences psychotic symptoms such as delusions or, less commonly, hallucinations.\"" [wikipedia:Psychotic_major_depression]"
INFO	lowercase_definition	postpartum depression	IAO:0000115	"\""A major depressive disorder characterized by a intense, sustained and sometimes disabling depression experienced by women after giving birth.\"" [wikipedia:Postpartum_depression]"
INFO	lowercase_definition	seasonal affective disorder	IAO:0000115	"\""A major depressive disorder usually characterized seasonal pattern with depressive episodes coming on in the winter or summer, spring or autumn, repeatedly, year after year.\"" [wikipedia:Seasonal_affective_disorder]"
INFO	lowercase_definition	recurrent brief depression	IAO:0000115	"\""A depressive disorder characterized by intermittent depressive episodes, in women not related to menstrual cycles, occurring at least once a month over at least one year or more fulfilling the diagnostic criteria for major depressive episodes except for duration which in RBD is less than 14 days, typically 2 to 4 days.\"" [wikipedia:Recurrent_brief_depression]"
INFO	lowercase_definition	minor depressive disorder	IAO:0000115	"\""A depressive disorder that does not meet full criteria for Major depressive disorder but in which at least two depressive symptoms are present for two weeks.\"" [wikipedia:Minor_Depressive_Disorder]"
INFO	lowercase_definition	bipolar I	IAO:0000115	"\""A type of bipolar disorder distinguished by the presence or history of one or more manic episodes or mixed episodes with or without major depressive episodes.\"" [wikipedia:Bipolar_I]"
INFO	lowercase_definition	bipolar II	IAO:0000115	"\""A bipolar disorder characterised by recurrent intermittent hypomanic and depressive episodes.\"" [wikipedia:Mood_disorder]"
INFO	lowercase_definition	bipolar disorder not otherwise specified	IAO:0000115	"\""A bipolar disorder characterised by symptoms in the bipolar spectrum (e.g. manic and depressive symptoms) but does not fully qualify for any of the three types of bipolar disorder.\"" [wikipedia:Bipolar_Disorder_Not_Otherwise_Specified]"
INFO	lowercase_definition	post-traumatic stress	IAO:0000115	"\""A pathological anxiety which results from a traumatic experience.\"" [wikipedia:Post-traumatic_stress_disorder]"
INFO	lowercase_definition	separation anxiety	IAO:0000115	"\""A pathological anxiety characterized by feeling of excessive and inappropriate levels of anxiety over being separated from a person or place.\"" [wikipedia:Separation_anxiety_disorder]"
INFO	lowercase_definition	circadian regulation of systemic arterial blood pressure	IAO:0000115	"\""Any process in which an organism modulates its blood pressure at different values with a regularity of approximately 24 hours.\"" [GO:GO\:0003052]"
INFO	lowercase_definition	recognition memory	IAO:0000115	"\""Ability to correctly remember something that has been encountered before.\"" [wikipedia:Recognition_memory]"
INFO	lowercase_definition	visual object recognition	IAO:0000115	"\""Ability to perceive the physical properties of an object (such as shape, colour and texture) and apply semantic attributes to the object, which includes the understanding of its use, previous experience with the object and how it relates to others.\"" [wikipedia:Cognitive_Neuroscience_of_Visual_Object_Recognition]"
INFO	lowercase_definition	spatial memory	IAO:0000115	"\""A type of memory responsible for recording information about one's environment and its spatial orientation.\"" [wikipedia:Spatial_memory]"
INFO	lowercase_definition	short term spatial memory	IAO:0000115	"\""A type of memory that allows one to temporarily store and manage information about one's environment and its spatial orientation.\"" [wikipedia:Spatial_memory]"
INFO	lowercase_definition	senility	IAO:0000115	"\""A degenerative state of the brain resulting in impairment of memory, judgment, attention span, problem solving skills, the inability to perform previously learned skills that cannot be attributed to deficits of motor or sensory function, and a global loss of cognitive abilities.\"" [MeSH:National Library of Medicine_Medical Subject Headings]"
INFO	lowercase_definition	optokinetic reflex	IAO:0000115	"\""A reflex allows the eye to follow objects in motion when the head remains stationary.\"" [wikipedia:Optokinetic_reflex]"
INFO	lowercase_definition	pilomotor reflex	IAO:0000115	"\""A reflex that elucidates goose bumps (bumps on a person's skin at the base of body hairs) which may involuntarily develop when a person is cold or experiences strong emotions such as fear, awe, admiration or sexual arousal\"" [wikipedia:Goose_bumps]"
INFO	lowercase_definition	tonic neck reflex	IAO:0000115	"\""A reflex that elucidates an automatic positioning of the limbs in response to a movement of the head on trunk (neck).\"" [web:http\://www.dizziness-and-balance.com/anatomy/vspine.htm]"
INFO	lowercase_definition	vibrissae reflex	IAO:0000115	"\""Change position in response to stimulation of the whiskers.\"" [JAX:<new dbxref>]"
INFO	lowercase_definition	titubation	IAO:0000115	"\""Posture distinguished by a faltering gait while walking and/or a swaying motion of the trunk or head while resting.\"" [JAX:<new dbxref>]"
INFO	lowercase_definition	psychomotor agitation behavior	IAO:0000115	"\""Agitation characterised by a series of unintentional and purposeless motions that stem from mental tension and anxiety of an individual.\"" [wikipedia:Psychomotor_agitation]"
INFO	lowercase_definition	apathy	IAO:0000115	"\""Exhibiting indifference, or suppression of emotions such as concern, excitement, motivation and passion.\"" [wikipedia:Indifference_(emotion)]"
INFO	lowercase_definition	social inhibition	IAO:0000115	"\""A social behavior characterised by conscious or unconscious constraint of a behavior that might be considered objectionable in a social setting.\"" [wikipedia:Social_inhibition]"
INFO	lowercase_definition	sexual inhibition	IAO:0000115	"\""A social behavior characterised by conscious or unconscious constraint or curtailment of behavior relating to specific sexual matters or practices.\"" [wikipedia:Sexual_inhibition]"
INFO	lowercase_definition	auditory hallucination	IAO:0000115	"\""A form of hallucination that involves perceiving sounds without auditory stimulus.\"" [wikipedia:Auditory_hallucination]"
INFO	lowercase_definition	nonverbal communication behavior	IAO:0000115	"\""Communication behavior related to the process of conveying meaning in the form of non-word messages through for example gesture, body language or posture; facial expression and eye contact etc.\"" [wikipedia:.wikipedia.org/wiki/Nonverbal_communication]"
INFO	lowercase_definition	visual communication behavior	IAO:0000115	"\""Communication behavior related to the conveyance of ideas and information through creation of visual representations.\"" [wikipedia:Visual_communication]"
INFO	lowercase_definition	oral communication behavior	IAO:0000115	"\""Communication behavior related to the process of conveying meaning in the form of word messages.\"" [wikipedia:Oral_communication#Oral_communication]"
INFO	lowercase_definition	eye contact	IAO:0000115	"\""A nonverbal communication behavior that is characterised by the meeting the eyes between two individuals.\"" [wikipedia:Eye_contact]"
INFO	lowercase_definition	selective mutism	IAO:0000115	"\""A communication disorder in which a person, most often a child, who is normally capable of speech is unable to speak in given situations, or to specific people.\"" [wikipedia:Selective_mutism]"
INFO	lowercase_definition	sexual play	IAO:0000115	"\""Behavior associated with interactions which resemble sexual behavior but do not lead to copulation.\"" [web:http\://www.bio.davidson.edu/people/vecase/behavior/Spring2009/Sacco/Pages/Sex%20Play.html]"
INFO	lowercase_definition	play fight	IAO:0000115	"\""Play behavior associated to fighting simulation, although fighting is much slower and gentler with no intention of actual hurt.\"" [web:http\://www.bio.davidson.edu/people/vecase/behavior/Spring2009/Sacco/Pages/Play%20Fighting.html]"
INFO	lowercase_definition	imitative play	IAO:0000115	"\""Play behavior related to the copying the actions of another.\"" [web:http\://www.bio.davidson.edu/people/vecase/behavior/Spring2009/Sacco/Pages/Imitative%20Play.html]"
INFO	lowercase_definition	mobbing calling	IAO:0000115	"\""Behavior associated with signals made by the mobbing species while harassing a predator.\"" [wikipedia:Mobbing_(animal_behavior)]"
INFO	lowercase_definition	avoidance behavior	IAO:0000115	"\""Behavior related to the activity seen in animals exposed to adverse stimuli, in which the tendency to act defensively is stronger than the tendency to attack.\"" [web:http\://www.britannica.com/EBchecked/topic/45916/avoidance-behavior]"
INFO	lowercase_definition	partial seizure	IAO:0000115	"\""A seizure which affect only a part of the brain at onset.\"" [wikipedia:http\://en.wikipedia.org/wiki/Focal_seizures]"
INFO	lowercase_definition	simple partial seizure	IAO:0000115	"\""A partial seizure which affect only a small region of the brain, often the temporal lobes and/or hippocampi whilst consciousness is unaffected.\"" [wikipedia:http\://en.wikipedia.org/wiki/Simple_partial_seizure]"
INFO	lowercase_definition	complex partial seizure	IAO:0000115	"\""A seizure that is associated with bilateral cerebral hemisphere involvement and causes impairment of awareness or responsiveness, i.e. loss of consciousness.\"" [wikipedia:http\://en.wikipedia.org/wiki/Complex_partial_seizures]"
INFO	lowercase_definition	temporal lobe epilepsy	IAO:0000115	"\""A type of focal epilepsy characterized by recurrent seizures.\"" [NBO:http\://en.wikipedia.org/wiki/Temporal_lobe_epilepsy]"
INFO	lowercase_definition	absence seizures	IAO:0000115	"\""An absence seizure is a brief (usually less that 20 seconds), generalized epileptic seizure of sudden onset and termination.\"" [wikipedia:http\://en.wikipedia.org/wiki/Absence_seizure]"
INFO	lowercase_definition	atonic seizure	IAO:0000115	"\""A type of generalized seizure that consist of a brief lapse in muscle tone that are caused by temporary alterations in brain function.\"" [wikipedia:http\://en.wikipedia.org/wiki/Atonic_seizure]"
INFO	lowercase_definition	febrile seizure	IAO:0000115	"\""A type of seizure associated with a significant rise in body temperature.\"" [wikpedia:http\://en.wikipedia.org/wiki/Febrile_seizure]"
INFO	lowercase_definition	simple febrile seizure	IAO:0000115	"\""A febrile seizure that lasts less than 15 minutes , does not recur in 24 hours, and involves the entire body.\"" [wikipedia:http\://en.wikipedia.org/wiki/Febrile_seizure]"
INFO	lowercase_definition	complex febrile seizure	IAO:0000115	"\""A febrile seizure characterized by longer duration, recurrence, or focus on only part of the body.\"" [wikipedia:http\://en.wikipedia.org/wiki/Febrile_seizure]"
INFO	lowercase_definition	benign rolandic epilepsy	IAO:0000115	"\""Benign rolandic epilepsy is characterized by either simple partial seizures involving the mouth and face or generalized tonic-clonic seizures.\"" [wikipedia:http\://en.wikipedia.org/wiki/Rolandic_epilepsy]"
INFO	lowercase_definition	medial temporal lobe epilepsy	IAO:0000115	"\""A temporal lobe epilepsy arises in the hippocampus, parahippocampal gyrus and amygdala which are located in the inner aspect of the temporal lobe.\"" [wikipedia:http\://en.wikipedia.org/wiki/Temporal_lobe_epilepsy]"
INFO	lowercase_definition	lateral temporal lobe epilepsy	IAO:0000115	"\""A temporal lobe epilepsy arises in the neocortex on the outer surface of the temporal lobe of the brain.\"" [wikipedia:http\://en.wikipedia.org/wiki/Temporal_lobe_epilepsy]"
INFO	lowercase_definition	provoked seizure	IAO:0000115	"\""Paroxysmal events that mimic an epileptic seizure but do not involve abnormal, rhythmic discharges of cortical neurons.\"" [wikipedia:http\://en.wikipedia.org/wiki/Non-epileptic_seizure]"
INFO	lowercase_definition	psychogenic non-epileptic seizure	IAO:0000115	"\""A type of seizure of psychological origin that superficially resembles an epileptic seizure, but without the characteristic electrical discharges associated with epilepsy.\"" [wikipedia:http\://en.wikipedia.org/wiki/Psychogenic_non-epileptic_seizures]"
INFO	lowercase_definition	progressive myoclonic epilepsy	IAO:0000115	"\""A myoclonic epilepsy characterised by a combination of myoclonic and tonic-clonic seizures.\"" [wikipedia:http\://en.wikipedia.org/wiki/Progressive_myoclonic_epilepsy]"
INFO	lowercase_definition	status epilepticus	IAO:0000115	"\""Continuous unremitting seizure lasting longer than 30 minutes or recurrent seizures without regaining consciousness between seizures for greater than 30 minutes.\"" [wikipedia:http\://en.wikipedia.org/wiki/Status_epilepticus]"
INFO	lowercase_definition	complex partial status epilepticus	IAO:0000115	"\""A convulsive status epilepticus characterized by seizures involving long-lasting stupor, staring and unresponsiveness.\"" [wikipedia:http\://en.wikipedia.org/wiki/Complex_partial_status_epilepticus]"
INFO	lowercase_definition	subtle status epilepticus	IAO:0000115	"\""Subtle  status epilepticus consists of electrical seizure activity in the brain that endures when the associated motor responses are fragmentary or even absent.\"" [web:http\://emedicine.medscape.com/article/1164462-overview]"
INFO	lowercase_definition	simple partial status epilepticus	IAO:0000115	"\""Simple partial SE consists of seizures that are localized to a discrete area of cerebral cortex and produce no alteration in consciousness.\"" [web:http\://emedicine.medscape.com/article/1164462-overview]"
INFO	lowercase_definition	frontal lobe epilepsy	IAO:0000115	"\""A type of epilepsy characterized by brief, recurring seizures that arise in the frontal lobes of the brain, often while the patient is sleeping.\"" [wikipedia:http\://en.wikipedia.org/wiki/Frontal_lobe_epilepsy]"
INFO	lowercase_definition	photosensitive seizure	IAO:0000115	"\""A type of reflex seizure caused by visual stimuli that form patterns in time or space, such as flashing lights, bold, regular patterns, or regular moving patterns.\"" [wikipedia:http\://en.wikipedia.org/wiki/Photosensitive_epilepsy]"
INFO	lowercase_definition	dacrystic epilepsy	IAO:0000115	"\""A type of epilepsy that is characterised a sudden paroxysmal crying.\"" [NBO:<new dbxref>, NBO:GVG]"
INFO	lowercase_definition	regulation of behavior	IAO:0000115	"\""Any process that modulates the frequency, rate or extent of behavior, the specific actions or reactions of an organism in response to external or internal stimuli.\"" [GO:0050795]"
INFO	missing_superclass	behavioral phenotype	rdfs:subClassOf	
